category,reflex_fonts,reflex_styles,reflex_palette_hues,note,reach_for
SaaS,Space Grotesk;Plus Jakarta Sans;Geist,indigo-on-white restraint;three-feature-card grid;subtle mesh hero,indigo #6366f1;violet #7c3aed,"The post-purple ""safe SaaS"" look — indigo just replaced the banned purple gradient. Source the accent from the product's actual job (what it removes friction from), not the category default.","Söhne or ABC Diatype for body, Reckless as a quiet display accent;asymmetric hero with the product's real before/after state floated over the fold, not a centered card row;pull the accent from the specific friction it removes (a ledger's reconcile-green, a calendar's booked-slot color), never default indigo"
Fintech,Space Grotesk;Clash Display;Inter Tight,emerald-mint gradient;serif-display authority;data-forward dark,emerald #10b981;teal #14b8a6,"Emerald/teal became fintech's reflex once navy felt dated; a serif display now signals ""trust"" by rote. Trust reads from visible compliance and precision, not a mint accent — try the brand's literal money/material story.","ABC Diatype Mono for figures, Schibsted Grotesk for headings;data-forward layout where a real reconciliation or ledger view is the hero, compliance marks shown not stated;source color from the literal money/material story — settlement-rail blue, statement-paper ink, the card's actual foil — not reflex emerald"
Banking,Newsreader;Lora;Source Serif 4,trustworthy-classic serif;deep-navy authority;gold accent,navy #1e3a5f;slate-blue #334e68,"Navy + a transitional serif is the autopilot ""bank"" — every legacy institution and neobank lands here. Restraint and clarity carry the trust; let the differentiator be the rate/product clarity, not the navy.","Times-as-display set large and roman, Hanken Grotesk for UI;restraint carried by whitespace and rate clarity, one decisive numeral moment;let the product's own rate sheet or coin metal set the palette, drop the navy-and-gold costume"
Crypto,Space Mono;Orbitron;Chakra Petch,neon-on-black;futuristic gradient;glow shadows,neon-green #39ff14;electric-purple #a855f7,"Black + neon glow is crypto cosplay; skepticism is high and the cliche reads as scam-adjacent. Credibility cues (real numbers, plain language) differentiate more than the glow.","ABC Diatype, GT America Mono reserved for actual hashes;plain-language explainer with real on-chain numbers as the focal artifact, zero glow;take color from the protocol's own brand mark or the asset it settles, not neon-on-black"
E-commerce,DM Sans;Outfit;Plus Jakarta Sans,bright-playful product grid;rounded-everything;coral-pop accent,coral #ff6b6b;mint #4ecdc4,Coral-and-mint with fully rounded cards is the Shopify-template reflex. Let the product photography set the palette; the UI should recede so goods are the hero.,"Editorial New for headers, Hanken Grotesk for UI;product photography as the hero with the UI receding to near-neutral, generous catalog rhythm;let the goods' own photography set every accent — the UI stays paper-and-ink so color comes from the product"
Luxury retail,Cormorant;Cormorant Garamond;Playfair Display,editorial-elegance serif;monochrome-refined;huge-letterspaced caps,off-black #1a1a1a;cream #f5f1ea,"A thin high-contrast serif on cream is the default ""luxury"" costume; it signals luxury-of-the-template, not the house. Provenance and material specificity carry premium, not Cormorant.","Canela or GT Sectra Display, Suisse Int'l for the quiet body;monochrome with one material close-up at scale, provenance copy that names the maker and the cloth;source the palette from the actual material — the leather's tan, the stone's grey — not template cream-and-black"
Healthcare,DM Sans;Mulish;Nunito Sans,soft-sky-blue calm;rounded-everything;friendly humanist,sky-blue #38bdf8;mint #6ee7b7,"Soft sky-blue + rounded everything is the reflex ""we're gentle"" health look — indistinguishable across clinics. Reassure with legible proof and warmth sourced from the actual care setting, not a pastel wash.","Newsreader as an accent-only serif, Hanken Grotesk body;legible proof-first layout with real credentials and a calm grid, warmth from real care-setting photography;take color from the actual clinical setting (scrubs teal that is THEIRS, a warm waiting-room wood) not a pastel sky-blue wash"
Mental health,Quicksand;Nunito;Comfortaa,warm-minimal pastel;blob shapes;rounded humanist,lavender #c4b5fd;peach #fed7aa,"Lavender/peach blobs are the wellness-app reflex; they can read as infantilizing. Emotional safety comes from honest language and quiet type, not a soft-blob gradient.","Tiempos Text, Untitled Sans for labels;honest plain-spoken copy at a comfortable measure, quiet type and real breathing room, no blob illustration;ground in a single muted, adult hue drawn from the practice's own space — never lavender-peach infantilizing pastels"
Fitness,Anton;Oswald;Bebas Neue,bold-condensed shouting caps;high-contrast black/orange;motion-driven,energetic-orange #f97316;volt #84cc16,Condensed all-caps + black/volt is the gym-poster reflex. Transformation proof and momentum sell; find energy in the specific discipline rather than the default volt.,"Druk Wide used sparingly, Söhne for everything else;transformation proof and a real progression/momentum artifact as the focal moment, motion that tracks a rep or a streak;pull energy from the specific discipline's own gear or surface (a track's red, a mat's color), not default volt-on-black"
Education,Poppins;Baloo 2;Fredoka,bright-playful friendly;rounded illustration;primary-color pop,sky-blue #3b82f6;sunny-yellow #facc15,"Poppins + primary-color illustrations is the ed-tech reflex that reads juvenile. Show a credible learning path; let the subject matter, not a default cheerful blue, set the tone.","GT Sectra for headings, Hanken Grotesk body;a credible learning-path artifact (syllabus, real outcome) as the hero, structured clarity over cartoon illustration;let the subject matter set the tone — a chemistry course's lab palette, a music course's score ink — not a juvenile primary-blue"
Developer tools,JetBrains Mono;IBM Plex Mono;Geist Mono,dark-mode-native terminal;mono-everywhere;green-on-black,terminal-green #22c55e;violet #8b5cf6,"Mono-everywhere on near-black with a violet accent is the post-Linear devtool reflex. Real working code earns trust; reserve mono for code, and source the accent from the tool's domain.","Berkeley Mono for code only, ABC Diatype for prose;real working code early with mono reserved strictly for code, a defined light surface allowed;source the accent from the tool's domain (a diff's add/remove, a log's level colors), not the post-Linear violet-on-near-black"
AI product,Space Grotesk;Geist;General Sans,soft-gradient-mesh;iridescent-on-dark;glow-orb hero,electric-indigo #6366f1;cyan #06b6d4,"Iridescent mesh + glowing orb is THE generative-AI reflex of 2024-2026; it screams ""another AI wrapper."" Demonstrate the capability concretely; let a real artifact, not a gradient blob, be the hero.","ABC Diatype, GT America for headings;a concrete real artifact the model produced as the hero — the actual output, not an orb, accuracy and data handling shown plainly;take color from the artifact's own domain, never iridescent mesh"
Cybersecurity,Rajdhani;Chakra Petch;Share Tech Mono,dark-authoritative HUD;red-alert accent;grid/scanline texture,alert-red #ef4444;cyber-blue #0ea5e9,Dark HUD with red alerts and scanlines is fear-theatre cosplay. Concrete coverage and outcomes convey control better than a threat-grid backdrop.,"Aktiv Grotesk, Berkeley Mono for telemetry;concrete coverage and outcomes laid out calmly, a real detection timeline as the focal artifact, no scanlines;ground in the actual product surface (a console's measured greens/greys) not fear-theatre red-alert-on-black"
Agency,Clash Display;Syne;Anton,editorial-maximalism;huge-type marquee;mono labels,off-black #111111;acid-lime #bef264,"Oversized Clash/Syne with tiny mono labels is the agency-template reflex — every studio site by 2026. The portfolio is the proof; the typographic shout should be specific to the work, not a default acid accent.","Romie or GT Sectra Display, ABC Diatype for labels;the portfolio itself is the proof — let one real piece dominate, typographic scale specific to that work;pull the palette from the featured project, not a default acid-lime-on-black studio costume"
Portfolio,Syne;Instrument Serif;Cabinet Grotesk,minimal-expressive big-type;italic-serif headline;ruled separators,off-black #1a1a1a;paper #faf9f6,"Big-italic-serif headline + ruled lines is the saturated ""tasteful portfolio"" look. Make the work unmissable and let personality show through the actual pieces, not a borrowed editorial frame.","Reckless or Cardinal Fruit for one expressive headline, ABC Diatype body;the work unmissable at full scale with personality shown through the actual pieces, ruled frames dropped;source color from the work shown — never a borrowed off-black-on-paper editorial frame"
Restaurant,Cormorant;Playfair Display;Libre Baskerville,editorial-elegance serif;full-bleed food hero;script accent,terracotta #c2410c;cream #f5f1ea,"A high-contrast serif over a dim food hero on cream is the restaurant-template reflex. Sell the specific atmosphere with real imagery; let the cuisine, not Playfair, set the palette.","GT Sectra Display, Untitled Sans for UI;the specific room and plating in real photography as the hero, atmosphere over template serif drama;let the cuisine and the actual dining room set the palette — the broth's amber, the tile's color — not Playfair-on-cream"
Hotel,Cormorant Garamond;Tenor Sans;Marcellus,understated-premium serif;full-bleed escape hero;gold hairline,muted-navy #1e3a5f;sand #d6c7a1,"Thin serif + sand/navy over a sunset hero is the boutique-hotel reflex. Evoke a specific place; let the architecture and light, not a sand palette default, carry premium.","Canela Deck, Söhne for wayfinding;a real sense of place — the building's light and architecture as the immersive hero, slow pacing;take the palette from the actual location's light and material (volcanic black sand, alpine snow-blue), not template sand-and-navy"
Real estate,Montserrat;Poppins;Jost,aspirational-clean geometric;search-first hero;teal-trust accent,teal #14b8a6;slate #475569,"Geometric sans + teal ""trust"" accent is the listings-portal reflex. Property imagery and fast search differentiate; source any accent from the locale, not a default teal.","GT Sectra for headings, Hanken Grotesk for listings;property imagery and instant search as the focal pair, fast scanning of real homes;source any accent from the locale (a coastal town's water, a city's brick), not a generic teal trust-cue"
Legal,Merriweather;PT Serif;Lora,conservative-authority serif;deep-navy gravitas;gold seal accent,navy #1e3a5f;burgundy #7f1d1d,"Navy/burgundy with a transitional serif is the law-firm reflex — gravitas by template. Credibility and clarity outweigh flourish; let specifics of the practice show, not the default seal.","Lyon Text or Tiempos, National 2 for UI;gravitas from clarity and a real practice-specifics artifact (a notable matter, a clear fee structure), flourish removed;ground the palette in the firm's actual identity, not template navy-burgundy-and-seal gravitas-by-default"
Nonprofit,Poppins;Nunito Sans;Lora,hopeful-humanist warm;photo-led story grid;warm-coral accent,warm-coral #f97362;leaf-green #4ade80,"Coral + green with smiling stock photos is the charity-template reflex. Real stories and concrete impact connect; let the cause, not a default hopeful coral, set the palette.","Newsreader for story headlines, Hanken Grotesk body;real photographed stories and a concrete, audited impact figure as the focal moment, transparent giving path;let the cause and its real photography set color — the field's green, the water's blue — not default hopeful coral"
Gaming,Orbitron;Rajdhani;Audiowide,immersive-bold neon;cinematic-dark trailer hero;glow accents,magenta #d946ef;cyan #22d3ee,"Magenta/cyan neon on black is the esports-template reflex. The world and spectacle sell; pull the palette from the game's actual art direction, not a default neon duo.","Monument Grotesk, a custom display cut for the title only;the game's own world and a real trailer frame as the immersive hero, spectacle from the art direction;pull the palette straight from the game's actual art direction, never a default magenta-cyan esports neon"
Music,Anton;Druk-style;Monument Extended,expressive-atmospheric big-type;dark-immersive;grain texture,off-black #0a0a0a;hot-pink #ec4899,"Massive condensed type on black with grain is the artist-page reflex. Match the mood to the actual sound; let the release art, not a default hot-pink, lead.","Druk or a bespoke title cut, ABC Diatype for credits;the release art leads and the type mood matches the actual sound, grain dropped for real texture from the cover;take color from the release artwork itself, not a default hot-pink-on-black artist-page reflex"
News/editorial,Tiempos-style;Source Serif 4;Lora,editorial-classic serif;dense-hierarchy grid;red-masthead accent,masthead-red #dc2626;ink #1a1a1a,"Transitional serif + red masthead is the news-template reflex. Scannable hierarchy and reading comfort matter most; let the publication's voice, not a default red, differentiate.","Lyon Text body, Canela for display heads;dense scannable hierarchy and reading comfort as the real job, the masthead specific to the publication's voice;source the accent from the title's own identity, not a reflex masthead-red"
Docs,IBM Plex Sans;Inter;Geist,functional-clarity sans;sidebar-nav layout;blue-link accent,docs-blue #2563eb;slate #475569,Inter + blue links + left sidebar is the docs-template reflex (every Docusaurus/Mintlify site). Fast retrieval is the job; a distinctive but legible face and a sourced accent beat the default blue.,"ABC Diatype for prose, Berkeley Mono for code;fast retrieval first — strong search and a legible distinctive face, code blocks that read clean;source the link accent from the parent product's brand, not the Docusaurus-default blue"
Analytics dashboard,Inter;Geist;IBM Plex Sans,data-forward dark;KPI-card grid;categorical-rainbow charts,dashboard-blue #3b82f6;violet #8b5cf6,"Inter on dark with a rainbow categorical palette is the dashboard reflex; rainbow charts hurt legibility. Source a restrained categorical scale from the data's meaning, not a default spectrum.","ABC Diatype, IBM Plex Mono for figures;a restrained, meaning-mapped categorical scale and dense legible KPIs, one focal chart that actually reads;derive the categorical scale from the data's own meaning (status, magnitude) not a rainbow spectrum"
Logistics,Inter;Barlow;IBM Plex Sans,operational-clean;map/tracking hero;safety-orange accent,logistics-blue #0284c7;safety-orange #f97316,"Blue + safety-orange over a route map is the logistics-template reflex. Reliability and visible status reassure; source the accent from the network, not a default orange.","Basis Grotesque, Berkeley Mono for tracking codes;reliability shown through a real live-status artifact (a route, an ETA) as the focal moment, operational calm;source the accent from the network itself (a carrier's livery, a port color), not default safety-orange-on-blue"
Insurance,Mulish;Source Sans 3;Lora,reassuring-trustworthy;friendly-approachable;calm-blue accent,trust-blue #2563eb;teal #14b8a6,"Friendly sans + calm blue is the insurance-template reflex that reads interchangeable. Make complex coverage feel simple and honest; let the specific protection, not a default trust-blue, lead.","Tiempos Text, Hanken Grotesk for UI;complex coverage made genuinely simple and honest, a clear real quote path as the focal action;ground the palette in the specific protection offered (a home's roofline, a car's paint), not a generic calm trust-blue"
Government,Public Sans;Source Sans 3;Inter,accessible-plain;structured-clarity;flag-blue accent,gov-blue #1d4ed8;red #dc2626,"Public Sans + flag-blue is the gov-template default (USWDS-adjacent). Accessibility and findability are the job; the default is acceptable for trust but differentiate through task clarity, not decoration.","Public Sans is acceptable but pair it with Lyon Text for headings;task clarity and findability as the differentiator, plain-language structured forms;keep color functional and specific to the service, differentiate through task flow not a default flag-blue decoration"
Wellness,Cormorant;Quicksand;Tenor Sans,serene-natural;earthy-warm minimal;sage gradient,sage #84a98c;sand #d6c7a1,"Sage + sand with airy serif is the spa-template reflex. Cultivate a specific calm; let the actual practice and place, not a default sage wash, set the palette.","GT Sectra accents, Söhne body;a specific cultivated calm — the real space and practice photographed, breathing room over airy-serif cliché;take the palette from the actual place and practice (a hammam's stone, a forest's moss), not a default sage-and-sand wash"
Web3,Space Grotesk;Clash Display;Orbitron,futuristic-gradient;neon-on-dark;glassmorphic cards,electric-purple #a855f7;cyan #06b6d4,"Purple/cyan gradients with glass cards is the web3-template reflex amid hype fatigue. Clear utility and transparency counter it; source the palette from the protocol's purpose, not a default neon mesh.","ABC Diatype, GT America Mono for addresses;clear utility and transparency shown with real protocol mechanics as the focal artifact, glass cards dropped;source color from the protocol's purpose or its own mark, not a default purple-cyan glassmorphic mesh"
Enterprise B2B,Inter;IBM Plex Sans;Source Sans 3,corporate-confident;calm-precision;logo-wall hero;navy-trust accent,corporate-navy #1e3a5f;slate-blue #334e68,"Inter + navy + a logo wall is the enterprise-template reflex — safe and forgettable. Speak to ROI and proof; differentiate through the specific outcome, not a default corporate navy.","Neue Haas Grotesk, Lyon Text for executive headings;a specific quantified outcome and real proof as the hero, the logo wall replaced by a concrete case artifact;differentiate through the outcome's own palette (the customer's industry color), not default corporate-navy"
Startup MVP,Geist;Space Grotesk;General Sans,fresh-minimal;single-CTA hero;indigo-pop accent,indigo #6366f1;lime #84cc16,"Geist + indigo + a single big CTA is the Y-Combinator-template reflex. Communicate one clear idea fast; let the actual product, not a default indigo, carry the spark.","ABC Diatype, Reckless for one display line;one clear idea fast with the actual product carrying the spark, a single honest CTA;let the product's real concept set the accent, not a default YC indigo-and-lime pop"
Podcast,Anton;Archivo;Space Grotesk,warm-conversational big-type;player-first hero;duotone art,warm-orange #f97316;deep-purple #6d28d9,"Bold type + duotone cover art is the podcast-template reflex. Make the latest episode instantly playable; pull color from the show's actual identity, not a default duotone.","Druk for the title, Untitled Sans for episode lists;the latest episode instantly playable as the focal action, cover art that is the show's real identity;pull color from the show's actual artwork, not a default duotone podcast-template treatment"
Food delivery,Poppins;Baloo 2;DM Sans,appetizing-energetic;bright rounded;food-coral accent,food-red #ef4444;mango #fb923c,"Red/mango rounded everything is the delivery-app reflex (every DoorDash clone). Crave-worthy imagery and speed sell; source warmth from the actual cuisines, not a default food-red.","Hanken Grotesk, GT Sectra for the wordmark;crave-worthy real food photography and a one-tap path as the focal pair, rounded-everything dropped;source warmth from the actual cuisines shown (a curry's turmeric, a ramen's broth), not a default food-red-and-mango"
Dating,Poppins;Quicksand;Nunito,warm-playful;soft-gradient mesh;rounded humanist,romance-pink #ec4899;coral #fb7185,"Pink/coral gradient with rounded everything is the dating-app reflex. Optimism and visible safety differentiate; let the specific community, not a default pink, lead.","Reckless for an expressive headline, Söhne body;optimism and visibly-central safety as the focal frame, the specific community shown honestly;ground the palette in the real community served (a queer-joy spectrum, a faith community's hue), not a default romance-pink gradient"
Productivity,Inter;Geist;Plus Jakarta Sans,clean-focused;calm-precision;single-accent restraint,focus-blue #3b82f6;indigo #6366f1,"Inter + one blue accent is the productivity-app reflex (post-Linear/Notion). Show removed friction; source the accent from the workflow's domain, not a default focus-blue.","ABC Diatype, IBM Plex Mono for shortcuts;removed friction shown through a real workflow artifact (a before/after of the daily task), calm precision;source the single accent from the workflow's own domain (a writer's draft-amber, a coder's syntax), not a default focus-blue"
Email,Inter;Geist;IBM Plex Sans,efficient-minimal;inbox-preview hero;clean-blue accent,email-blue #2563eb;slate #475569,"Inter + clean blue + an inbox screenshot is the email-client reflex. Speed and privacy are the pitch; differentiate through the specific habit it improves, not a default blue.","Diatype, Berkeley Mono for addresses;speed and privacy as the pitch with a real inbox interaction as the focal moment, the specific habit it improves named;take the accent from the specific habit improved (a triage flow, a focus state), not a default email-client blue"
CRM,Inter;IBM Plex Sans;Source Sans 3,structured-professional;pipeline-board hero;corporate-blue accent,crm-blue #2563eb;slate #475569,"Inter + a pipeline screenshot + corporate blue is the CRM-template reflex. Prove pipeline clarity and fit; source any accent from the sales motion, not a default blue.","Hanken Grotesk, IBM Plex Mono for deal figures;real pipeline clarity and a fit-to-stack proof as the focal artifact, the screenshot replaced with a working board;source any accent from the sales motion (a stage gradient that means something), not a default corporate-blue"
HR,Mulish;Nunito Sans;DM Sans,friendly-professional;soft-humanist;warm-teal accent,hr-teal #14b8a6;warm-coral #fb7185,"Friendly sans + teal with people photos is the HR-template reflex. Balance warmth and compliance rigor; let the actual culture, not a default teal, set the tone.","Tiempos Text for warmth, Söhne for UI;warmth and compliance rigor balanced through a real culture artifact plus a clear audit trail;let the actual company culture set the tone (the brand's real warm hue), not a default HR teal-and-coral with stock smiling photos"
Marketplace,DM Sans;Poppins;Plus Jakarta Sans,vibrant-trustworthy;dual-value hero;trust-green accent,marketplace-green #22c55e;coral #fb7185,"Green ""trust"" + dual-sided hero is the marketplace-template reflex. Serve both sides and foreground real trust mechanisms; source color from the goods traded, not a default green.","Hanken Grotesk, GT Sectra for the wordmark;both sides served clearly with real trust mechanisms foregrounded, the goods traded as the visual lead;source color from the goods actually traded (vintage-furniture wood, handmade-craft clay), not a default trust-green"
Subscription box,Fraunces;DM Serif Display;Cormorant,playful-premium;unboxing hero;pastel-confetti accent,blush #fbcfe8;sage #84a98c,"Fraunces + blush/sage unboxing shots is the subscription-box reflex. Sell anticipation and clear recurring value; let the actual curation, not a default blush, lead.","GT Sectra Display, Untitled Sans body;anticipation and clear recurring value with a real curation reveal as the focal moment, confetti dropped;let the actual curation set the palette (a coffee box's roast browns, a plant box's greens), not a default blush-and-sage"
Automotive,Eurostile-style;Rajdhani;Montserrat,sleek-dynamic;cinematic-dark configurator;metallic accent,metallic-silver #94a3b8;electric-blue #3b82f6,"Cinematic dark + metallic silver is the auto-template reflex. Let the vehicle command the screen; source any accent from the model's actual finish, not a default silver.","Monument Grotesk, ABC Diatype for specs;the vehicle commanding the screen in real cinematic imagery, configurator as a genuine interaction;source any accent from the model's actual finish and trim, not a default metallic-silver-and-electric-blue"
Dental clinic,Nunito;Quicksand;Poppins,soft-sky-blue calm;rounded-everything tooth icon;stock smiling family,sky-blue #38bdf8;mint #6ee7b7,"Sky-blue + a rounded tooth icon + a stock smiling family is the dental-template reflex, identical across every practice. Bright honest cleanliness and real staff reduce anxiety, not a pastel wash.","Hanken Grotesk, Newsreader for an accent serif;real photos of THIS office and team plus an unmissable new-patient/insurance answer, not a tooth-clipart hero;pull color from the actual clinical teal of the practice's own space, not a default sky-blue-and-mint"
Veterinary clinic,Baloo 2;Nunito;Comfortaa,friendly-rounded;cartoon paw-print;teal-and-orange playful,paw-teal #2dd4bf;puppy-orange #fb923c,Rounded type with a cartoon paw-print in teal-and-orange is the vet-template reflex. Pets are family — real animal photography and emergency clarity warm more than a paw motif.,"Untitled Sans, Tiempos Text for warmth;real photos of actual patients and the vets, with emergency hours and what-to-expect surfaced, no cartoon paw;ground the palette in the practice's own warmth (a forest green, a clay) not the reflex paw-teal-and-puppy-orange"
Dermatology/medspa,Cormorant;Tenor Sans;Marcellus,airy luxury-spa serif;blush-and-gold;soft-focus model skin,spa-blush #f5d0c5;rose-gold #d6a48a,"Airy serif with blush-and-gold and a soft-focus model is the medspa reflex that hides the medicine. Real consented before/after and provider credentials sell results, not spa staging.","GT Sectra Display, Söhne for clinical copy;real (consented) before/after and named provider qualifications as the focal proof, results over soft-focus staging;take the palette from the clinic's actual material (a warm mauve treatment room) not template blush-and-rose-gold"
Physical therapy,Montserrat;Oswald;Barlow,clinic-blue calm;generic anatomy diagram;stock therapist hands,pt-blue #1f5673;recovery-green #5fb36a,"Clinic-blue with a generic anatomy diagram and stock therapist hands is the PT reflex. Movement and a believable recovery timeline differentiate, not a stock skeleton.","Hanken Grotesk, GT Sectra for headings;real motion and recovery-progress imagery with specific injury paths and a return-to-activity timeline, no stock anatomy chart;source energy from the actual discipline (a runner's track-red, a pool's blue) not a default clinic-blue-and-green"
Pharmacy,Mulish;Source Sans 3;DM Sans,retail-green cross;rounded pill-bottle icon;CVS-clone clutter,rx-green #0b6e4f;sky #56a0e0,"A green cross with a rounded pill-bottle icon and chain-pharmacy clutter is the reflex. The unmissable refill/transfer action and a real pharmacist reassure, not retail noise.","Hanken Grotesk, Lyon Text for trust copy;the refill and transfer actions as the unmissable hero with a real pharmacist shown, retail clutter removed;keep color functional to the service (a calm apothecary green that is theirs) not a generic rx-green-and-sky"
Telemedicine,Poppins;DM Sans;Mulish,calm-blue friendly;laptop-with-doctor stock;rounded chat bubble,tele-blue #2a5ca8;teal #39c2b8,"Calm blue + a stock laptop-doctor + a rounded chat bubble is the telehealth reflex. The real 3-step path to a clinician and licensing clarity overcome remote-care doubt, not a chat-bubble motif.","Untitled Sans, Berkeley Mono for the visit interface;the on-screen path to a real clinician as the hero with wait time and licensing answered plainly, no stock laptop-doctor;source the accent from the actual care experience (a reassuring exam-room hue) not a default tele-blue-and-teal"
Senior care,Lora;Mulish;Nunito Sans,soft-gradient-blue calm;hands-clasped stock;institutional grey,care-violet #5e4b8b;warm-amber #e6b566,"Soft blue with a clasped-hands stock photo and institutional grey is the senior-care reflex. The adult child needs dignity and real residents, with care levels and a tour clear.","Lyon Text, Hanken Grotesk for UI;real residents and named staff with dignity, care levels and a tour path clear, no clasped-hands stock or institutional grey;ground in a warm dignified palette from the actual community (a sunlit-wood common room) not soft-gradient-blue"
Optometry,Montserrat;Jost;Poppins,clinical-blue;rounded eye/glasses icon;stock model in frames,optic-blue #16486a;cyan #52b7c9,"Clinical blue with a rounded eye-icon and a stock model in frames is the optometry reflex. Bridge eye-health and the retail frame try-on — make both first-class, vision crisp.","ABC Diatype, GT Sectra for headings;exam-booking and frame-browsing both first-class with crisp vision-clear imagery, no rounded eye-clipart;take the accent from the actual lens/frame experience (a precise optical cyan) not a default optic-blue"
Pediatrics,Baloo 2;Fredoka;Poppins,primary-color cartoon;balloon-and-crayon clipart;juvenile everything,kid-blue #2d7dd2;sunny #f4b942,"Primary-color cartoons with balloon-and-crayon clipart is the pediatrics reflex that talks down to the paying parent. Reassure the parent first, delight the child second — bright but credible.","Hanken Grotesk, Newsreader for an accent serif;the parent reassured first with real providers and the portal surfaced, bright-but-credible over balloon-clipart juvenilia;keep color cheerful-yet-trustworthy from the real practice, not a default primary kid-blue-and-sunny"
Plumbing/HVAC,Oswald;Anton;Barlow Condensed,stock-blue;wrench/pipe clipart;'professional & reliable' banner,trade-navy #0c3c60;hi-vis-orange #e8772e,"Stock blue with wrench clipart and a 'professional & reliable' banner is the plumber reflex. Response time, a real phone number, and the actual crew/trucks beat corporate polish.","Aktiv Grotesk, Barlow for the dispatch numerals;the real crew and trucks with a response-time promise and a tap-to-call as the hero, no wrench-clipart banner;ground in the company's real livery color (the truck's actual paint) not a stock trade-navy-and-hi-vis-orange"
Hair salon/barber,Playfair Display;Cormorant;Great Vibes,script-luxe;gold-on-black;empty-chair stock,salon-bronze #b08d57;noir #1a1a1a,Script-luxe gold-on-black with an empty-chair stock photo is the salon reflex. The actual work is the pitch — a real lookbook and named-stylist booking beat a script wordmark.,"Reckless for one display line, Söhne body;a real lookbook of THIS salon's work with named-stylist online booking as the focal pair, no empty-chair stock;pull color from the salon's own interior and brand, not a default script gold-on-black"
Auto repair,Oswald;Rajdhani;Barlow Condensed,stock-blue checkered-flag;wrench-and-gear clipart;'honest service' banner,mechanic-graphite #22262b;safety-red #d64933,"Stock blue with checkered-flag and wrench-gear clipart is the auto-shop reflex. Transparency — upfront estimates, real techs, warranty — counters mechanic distrust, not a flag motif.","Berkeley Mono for estimate figures, Px Grotesk body;upfront estimates and real techs with warranty terms shown plainly, gritty-honest over checkered-flag clipart;source the accent from the shop's real identity (a tool-brand red that is theirs) not stock graphite-and-safety-red"
Home cleaning,Quicksand;Nunito;Comfortaa,sparkle-clipart;teal-and-white fresh;stock maid in uniform,clean-teal #1c7c9c;fresh-mint #9ad9c7,"Sparkle clipart with teal-and-white and a stock uniformed maid is the cleaning reflex. The relief of a clean home plus a vetted, background-checked person sell — not sparkle icons.","Hanken Grotesk, GT Sectra for the wordmark;instant pricing and background-check proof with the relief of a real clean home shown, no sparkle-clipart;take color from the brand's own fresh identity, not a default clean-teal-and-mint with a stock maid"
Landscaping/lawn,Oswald;Bebas Neue;Barlow,generic-green gradient;leaf clipart;stock perfect-lawn,lawn-green #33691e;lime #c5e063,A generic green gradient with leaf clipart and a stock perfect-lawn is the landscaping reflex. Real transformed yards in this region's plants and a local service map differentiate.,"Söhne, Druk for one bold line;real before/after of THIS region's yards with a local service map, seasonal and place-specific over leaf-clipart;ground in the actual local flora and soil color, not a default lawn-green-and-lime gradient"
Moving company,Oswald;Anton;Barlow Condensed,stock-blue truck-silhouette;'fast & reliable' banner;cardboard-box clipart,mover-blue #234e70;hi-vis-amber #f0a124,"Stock blue with a truck silhouette, a 'fast & reliable' banner, and box clipart is the mover reflex. Trust with your belongings — the real crew, insurance, transparent quote — sells.","Basis Grotesque, Barlow for quote numerals;the real crew, insurance, and a fast transparent quote as the focal trust, no truck-silhouette-and-box clipart;source color from the company's actual truck livery, not a stock mover-blue-and-amber"
Locksmith,Oswald;Rajdhani;Barlow Condensed,stock-blue padlock-icon;'24/7 emergency' red banner;keyhole clipart,lock-indigo #2b2d42;brass #c9a227,"A stock-blue padlock icon with a red '24/7' banner is the locksmith reflex. An emergency trade — the call button, response time, license, and ID-on-arrival defeat the scam fear.","National 2, Barlow for the dispatch line;the call button and response time as the hero with license and ID-on-arrival visible, no padlock-clipart banner;take the accent from a real brass/key material cue, not a stock lock-indigo-and-red"
Pet grooming,Baloo 2;Fredoka;Comfortaa,cartoon-paw;pastel-pink rounded;clipart dog silhouette,groom-violet #7a5c9e;blush-pink #f4a6c0,"Cartoon paws with pastel-pink rounded everything is the pet-grooming reflex. Adorable real before/after of actual pets and the groomer's gentleness sell, not a paw-clipart.","Untitled Sans, GT Sectra for the wordmark;adorable real before/after of actual pets with booking by size/breed, the groomer's gentleness shown over cartoon-paw clipart;pull color from the shop's own playful identity, not a default groom-violet-and-blush-pink"
Childcare/daycare,Baloo 2;Fredoka;Quicksand,primary-rainbow;crayon-and-ABC clipart;balloon everything,daycare-orange #e8743b;sky-teal #5bb8b0,"Primary rainbow with crayon-and-ABC clipart is the daycare reflex that overwhelms anxious parents. Safety and warmth together — a real day, named caregivers, ratios — reassure.","Hanken Grotesk, Tiempos Text for warmth;a real day shown with named caregivers, ratios, and safety, credible-bright over crayon-rainbow clipart;keep the palette warm-and-trustworthy from the actual space, not a default daycare-orange-and-teal rainbow"
Tutoring,Poppins;Baloo 2;Fredoka,ed-tech primary-blue;graduation-cap clipart;stock studious teen,tutor-indigo #3949ab;gold #f2c14e,Ed-tech primary-blue with a graduation-cap icon and a stock studious teen is the tutoring reflex. A credible path to a grade/score with real outcomes and tutors differentiates.,"Schibsted Grotesk, GT Sectra for headings;a credible path to a real grade or score with qualified tutors and a matching/scheduling flow, no grad-cap clipart;let the subject set the tone (a math tutor's grid-blue, a writing tutor's ink) not a default tutor-indigo-and-gold"
Travel blog,Playfair Display;Lora;Sacramento,script-overlay-on-sunset;wanderlust-cursive;washed-out filter,journey-teal #1b6b7c;sunset-amber #efa94a,"A script overlay on a sunset photo with a washed filter is the travel-blog reflex. A strong narrative voice and the real photography lead — this is a personal place, not a booking funnel.","Canela for headlines, Untitled Sans body;the real photography and a strong narrative voice leading with reading and subscribing the natural path, no script-on-sunset overlay;take color from the destinations actually shot, not a default journey-teal-and-sunset-amber"
Wedding/events,Great Vibes;Playfair Display;Sacramento,calligraphy-script;blush-and-gold confetti;stock bridal pose,wedding-mauve #6e5b73;champagne #d9b08c,"Calligraphy script with blush-and-gold confetti and a stock bridal pose is the wedding reflex. Real (not stock) celebrations sell the feeling, with the palette from the actual venue or season.","Canela Deck, Söhne for details;real celebrations sold through the feeling with a clear inquiry path, no calligraphy-and-confetti staging;draw the palette from the actual venue and season (a garden's greens, an autumn's rust) not template blush-and-gold"
Interior design,Cormorant;Tenor Sans;Marcellus,thin-serif-on-cream;gold-hairline;staged stock interior,design-taupe #3c3a36;clay #a0876a,Thin serif on cream with gold hairlines and a staged stock interior is the interior-design reflex. The portfolio is the whole argument — full-bleed real rooms and material sense lead.,"GT Sectra Display, Söhne for captions;full-bleed real rooms as the entire argument with material and taste shown, process understated, no staged stock;source color from the actual projects' palettes, not a default taupe-and-clay-on-cream"
Fashion brand,Didot-style;Playfair Display;Bodoni,high-fashion-thin-serif;huge-letterspaced caps;monochrome model wall,runway-noir #161616;stone #c8b6a6,"A high-fashion thin serif with letterspaced caps over a monochrome model wall is the fashion reflex — luxury-of-the-template, not the brand. The lookbook and a confident POV lead.","Romie or GT Sectra Display, ABC Diatype for labels;the lookbook and a confident point of view leading with the brand's own art direction setting tone, no borrowed thin-serif costume;pull the palette from the collection itself, not a default runway-noir-and-stone"
Beauty/cosmetics,Playfair Display;Cormorant;Italiana,airbrushed-model-gloss;blush-pink everything;script accent,beauty-plum #5a2a40;petal-pink #e0a4b0,"Airbrushed model gloss with blush-pink everything and a script accent is the beauty reflex. Real skin tones, swatches, and ingredient/results proof beat the gloss for modern buyers.","GT Sectra for the wordmark, Maison Neue body;real swatches across real skin tones with shade-matching and ingredient proof as the hero, no airbrushed gloss;take the palette from the actual product shades, not a default beauty-plum-and-petal-pink"
Jewelry,Cormorant Garamond;Cormorant;Italiana,thin-serif-on-black;extreme-letterspacing;generic sparkle bokeh,jewel-ink #1f1b17;antique-gold #b89968,Thin serif on black with extreme letterspacing and sparkle bokeh is the jewelry reflex — a generic luxury costume. The piece catching light at scale and material specificity convey value.,"Canela or GT Sectra Display, Söhne for spec;the piece and its material catching light at scale with provenance, metal, and stone named, no sparkle-bokeh costume;source the palette from the actual metal and stone, not a default jewel-ink-and-antique-gold"
Coffee roaster,Bebas Neue;Oswald;Pacifico,hipster-condensed-caps;kraft-paper texture;stamp-badge logo,roast-brown #3b2419;copper #c16d3a,"Condensed caps with kraft-paper texture and a stamp-badge logo is the coffee-roaster reflex. Origin, roast, and ritual sell — the real roast browns and bag/origin story set the palette.","Untitled Sans, GT Sectra for the wordmark;origin, roast, and brew ritual sold with a real subscription and the bag/origin story, no kraft-and-badge cliche;let the actual roast and origin set color, not a default roast-brown-and-copper badge"
Brewery/winery,Trajan;Bebas Neue;Cinzel,gothic-or-trajan-badge;crest emblem;sepia vintage filter,cellar-maroon #4a1c2e;harvest-gold #c99a4b,"A gothic or Trajan badge crest with a sepia filter is the brewery/winery reflex. Craft and place — the actual liquid, label art, and the room — convey more than a novelty crest.","GT Sectra Display, Söhne for taproom info;the actual liquid, label art, and taproom room leading with hours and tastings clear, no sepia-crest novelty;draw the palette from the brew or terroir (a stout's black, a rosé's blush) not a default cellar-maroon-and-harvest-gold"
Yoga/pilates studio,Quicksand;Cormorant;Tenor Sans,spa-sage gradient;lotus/silhouette pose clipart;airy-serif zen,studio-sage #5b7553;sand #d9b38c,"A sage gradient with a lotus or silhouette-pose clipart and airy serif is the yoga reflex. Calm and capability without spa cliche — real studio light and instructors lead, schedule bookable.","Hanken Grotesk, GT Sectra accents;real studio light and instructors with the schedule and a first-class offer immediately bookable, no lotus-clipart;take color from the actual studio space, not a default studio-sage-and-sand spa wash"
Outdoor/adventure gear,Bebas Neue;Oswald;Teko,REI-clone earthy;mountain-line-icon;stock summit pose,trail-pine #1e3d34;ember #e2622f,Earthy palette with a mountain-line icon and a stock summit pose is the outdoor-gear reflex. Real field photography and durability proof earn credibility over studio-staged kit.,"Druk for one bold line, Px Grotesk body;real field photography and durability proof with gear specs front and center, no mountain-line-icon or stock summit;let the terrain and use set the palette, not a default trail-pine-and-ember earthy template"
Parenting/baby,Quicksand;Baloo 2;Comfortaa,pastel-everything;cloud-and-star clipart;saccharine soft-focus,nursery-blue #4e7ca1;soft-rose #f6c9c0,"Pastel everything with cloud-and-star clipart and saccharine soft-focus is the baby reflex. Tired parents need safety, real families, and honest reviews fast — substance over pastel.","Hanken Grotesk, Tiempos Text for warmth;safety, real families, and honest reviews surfaced fast with soft-but-credible warmth, no cloud-and-star clipart;keep color soft yet real from the brand, not a default nursery-blue-and-soft-rose pastel overload"
Home goods/furniture,Cormorant;Tenor Sans;Marcellus,scandi-minimal-serif;flat-lay-on-white;showroom stock,walnut-brown #37322c;oak #b79b73,"A Scandi-minimal serif with flat-lay-on-white and a showroom stock photo is the furniture reflex. Material and silhouette in real rooms lead, with wood/textile palette and dimensions clear.","GT Sectra Display, Söhne for spec;material and silhouette shown in real rooms with dimensions clear over flat-pack vibes, no flat-lay-on-white;source the palette from the actual wood and textile, not a default walnut-and-oak Scandi template"
Independent bookstore,Cormorant;Lora;Libre Baskerville,literary-serif-on-cream;quill/book-stack clipart;sterile catalog grid,book-aubergine #3d2c2e;spine-amber #a8703f,"Literary serif on cream with quill or book-stack clipart and a sterile catalog grid is the bookstore reflex. Curation and personality — staff picks and events — are the soul, not a grid.","Lyon Text, Untitled Sans for UI;staff picks and events as the soul with a warm literary character and store hours, no quill-clipart or sterile catalog grid;take color from the store's actual interior and character, not a default book-aubergine-and-spine-amber"
Florist,Great Vibes;Cormorant;Sacramento,script-on-blush;watercolor-bloom clipart;default floral pink,florist-plum #5c4068;petal #e6a0b8,"Script on blush with watercolor-bloom clipart and a default floral pink is the florist reflex. The actual blooms and seasonal color lead, with arrangement artistry and same-day delivery.","Canela for the wordmark, Söhne body;the actual blooms and seasonal color leading with arrangement artistry and same-day delivery, no watercolor-bloom clipart;let the real flowers set the palette, not a default florist-plum-and-petal floral pink"
Skincare DTC,Cormorant;Tenor Sans;Marcellus,clinical-white-minimal;dropper-bottle flat-lay;wellness pastel,skin-forest #2e4034;sand-beige #cbb89d,"Clinical-white minimalism with a dropper-bottle flat-lay or wellness pastel is the skincare-DTC reflex. Modern buyers want efficacy — ingredient transparency, real results, routine clarity.","Untitled Sans, GT Sectra for the wordmark;ingredient transparency, real results, and routine clarity as the proof over clinical-white minimalism or wellness fluff, no dropper flat-lay;source the palette from the formula and ritual, not a default skin-forest-and-sand-beige"
Creator/newsletter,Lora;Source Serif 4;Archivo,substack-template-default;centered-headshot-and-subscribe;generic serif,creator-ink #1a1a1a;signal-orange #f2552c,"The centered headshot with a default serif and a subscribe box is the newsletter-template reflex. This is a person — voice, writing samples, and a clear subscribe value differentiate.","Reckless for the masthead, Untitled Sans body;the writing voice and a clear subscribe value leading with real issue samples and personality, no templated centered-headshot;let the writer's own identity set color, not a default creator-ink-and-signal-orange"
Conference/event,Space Mono;Orbitron;Archivo,tech-event-neon;gradient-mesh-on-dark;generic abstract shapes,summit-indigo #241b4b;hot-pink #ff5c8a,"Tech-event neon with gradient-mesh and generic abstract shapes is the conference reflex. Real speakers, a scannable agenda, and the event's own brand drive a ticket CTA, not abstract blobs.","Monument Grotesk, GT America for headings;real speakers and a scannable agenda creating urgency with the event's brand and date driving tickets, no gradient-mesh blobs;take the palette from the event's own identity, not a default summit-indigo-and-hot-pink neon"
Job board,Poppins;Mulish;DM Sans,stock-office-handshake;generic-blue;briefcase clipart,board-blue #0f4c75;hire-green #3fb68b,"Stock office handshakes with generic blue and briefcase clipart is the job-board reflex. Search is the product — make it the hero with fresh real listings, serving both sides credibly.","Schibsted Grotesk, Berkeley Mono for filters;search as the hero with real fresh listings serving seekers and employers, filled-role proof over stock-handshake art;source the accent from the board's niche, not a default board-blue-and-hire-green"
Coworking space,Poppins;Montserrat;DM Sans,startup-loft-cliche;exposed-brick stock;ping-pong-and-plants,cowork-charcoal #262220;warm-amber #e8a33d,"Startup-loft cliche with exposed-brick stock and ping-pong-and-plants is the coworking reflex. The real space and the community in it sell — actual photos, plans, location, a tour path.","GT Sectra for the wordmark, Söhne body;the real space and member community shown with plans, location, and a tour, no exposed-brick-and-ping-pong stock;take the palette from the actual interior and brand, not a default cowork-charcoal-and-warm-amber"
Coaching/consulting,Montserrat;Lora;Playfair Display,guru-stock-headshot;motivational-gradient;vague-promise hero,advisor-slate #26323d;gold #d4a24e,"A guru stock headshot with a motivational gradient and a vague-promise hero is the coaching reflex. Trust is personal — a real face, specific outcomes, and a defined niche lead.","Lyon Text, Söhne for UI;a real face with specific outcomes and a defined niche leading, quiet authority and a clear booking path over guru-stock and vague promises;ground color in the advisor's real brand, not a default advisor-slate-and-gold gradient"
Accounting/bookkeeping,Mulish;Lora;Source Sans 3,stiff-corporate-navy;calculator/coin clipart;stock spreadsheet,ledger-green #1b4d3e;steel-blue #5e8fb5,"Stiff corporate navy with calculator-coin clipart and a stock spreadsheet is the accounting reflex. Small-business owners want accuracy and approachability — clear services, real credentials, transparent pricing.","Lyon Text, Berkeley Mono for figures;accuracy and approachability with clear services, real credentials, and transparent pricing, no calculator-clipart or stock spreadsheet;take color from a precise-yet-warm identity, not a default ledger-green-and-steel-blue corporate navy"
Construction,Oswald;Anton;Barlow Condensed,stock-blue hardhat-clipart;'building the future' banner;crane silhouette,build-charcoal #2b2b2b;caution-yellow #f2a900,"Stock blue with hardhat clipart, a 'building the future' banner, and a crane silhouette is the construction reflex. Completed real projects at scale and the crew convey capability.","Druk for one bold line, Söhne body;completed real projects at scale with the crew, safety record, and licensing as proof, no hardhat-clipart banner;source the accent from a real safety/brand color, not a default build-charcoal-and-caution-yellow"
Manufacturing/industrial,Rajdhani;Oswald;Barlow,industrial-blue gradient;gear-and-cog clipart;generic factory stock,factory-steel #1f2a36;process-blue #4f93c0,"Industrial-blue gradient with gear-and-cog clipart and generic factory stock is the manufacturing reflex. Procurement engineers want real capabilities, tolerances, and certifications.","Aktiv Grotesk, Söhne Mono for specs;real capabilities, tolerances, and certifications with quality proof for procurement engineers, no gear-clipart or factory stock;ground color in the actual process and product, not a default factory-steel-and-process-blue gradient"
Agriculture/agtech,Oswald;Barlow;Roboto Slab,sterile-saas-on-tractor;generic-green;drone-over-field stock,field-green #4b6f2c;harvest-gold #d9a441,Sterile SaaS-on-a-tractor with generic green and a drone-over-field stock is the agtech reflex. Bridge real farming and data credibility — actual fields plus the yield numbers.,"National 2, IBM Plex Mono for yield data;actual fields with real yield numbers bridging farming and data credibility, no drone-over-field stock;ground in soil, crop, and season color, not a default field-green-and-harvest-gold SaaS template"
Energy/solar,Montserrat;Poppins;Jost,eco-green-gradient;sun-ray-icon;stock-panels-on-roof,solar-teal #13495b;sun-gold #f2b705,"An eco-green gradient with a sun-ray icon and stock panels-on-a-roof is the solar reflex. Concrete savings and the real install process lead, with honest payback numbers over eco-cliche.","Basis Grotesque, IBM Plex Mono for the savings figures;concrete savings and the real install process with honest payback numbers, no sun-ray-icon or stock-panels;take color from real sun-and-sky optimism specific to the offer, not a default solar-teal-and-sun-gold gradient"
Telecom,Rajdhani;Montserrat;Exo,network-swoosh;gradient-globe;abstract-connection-lines,telecom-indigo #2d2a7a;signal-cyan #34c3ce,"A network swoosh with a gradient globe and abstract connection lines is the telecom reflex. Plans and coverage are the decision — real speeds, transparent pricing, a coverage map.","Monument Grotesk, Berkeley Mono for speeds;plans, real speeds, and a coverage map as the clear decision with transparent pricing, no swoosh-and-globe abstraction;source color from the brand's real identity, not a default telecom-indigo-and-signal-cyan"
Church/religious,Trajan;Cinzel;Cormorant,trajan-stone-engraving;stained-glass gradient;dove-and-cross clipart,sanctuary-violet #3e3b6b;candle-gold #c9a24b,"Trajan stone-engraving with a stained-glass gradient and dove-and-cross clipart is the church reflex. Welcome newcomers — service times, what to expect, and real community lead.","Lyon Text, Hanken Grotesk for UI;newcomers welcomed with service times, what-to-expect, and real community, sincere over stone-engraving or dove-clipart;ground color in the congregation's own space and warmth, not a default sanctuary-violet-and-candle-gold"
Museum/gallery,Cormorant;Tenor Sans;Marcellus,thin-serif-on-white;generic-art-tile-grid;sterile-institution,gallery-ink #1a1a1a;bronze #9c8466,"A thin serif on white with a generic art-tile grid is the museum reflex — sterile-institution by default. The art and the current exhibition lead at full scale, with visit info reachable.","GT Sectra Display, Söhne for wayfinding;the art and current exhibition at full scale with visit and ticketing reachable, no generic art-tile grid;let the institution's identity and the show set color, not a default gallery-ink-and-bronze"
Sports team/club,Anton;Teko;Rajdhani,esports-neon;chrome-bevel-crest;generic-action stock,club-navy #0b2545;match-red #e63946,"Esports neon with a chrome-bevel crest and generic action stock is the sports-club reflex. The team's real colors and crest lead, with the next fixture, tickets, and players driving action.","Druk Wide for the scoreline, Söhne body;the team's real colors and crest leading with the next fixture, tickets, and players driving action, no chrome-bevel or esports neon;pull the palette straight from the club's actual identity, not a default club-navy-and-match-red"
Artisanal food/maker,Playfair Display;Cormorant;Palatino;Caslon,high-contrast-serif on unbleached cream;letterpress crest/seal;kraft-paper texture;numbered editorial list,cream #f5efe0;terracotta #9a4318;kraft #c08a3e,"Unbleached-cream paper + a high-contrast serif (Playfair/Cormorant/Palatino) + a terracotta accent + an engraved crest is the small-batch-maker reflex — the warm-neutral monoculture for heritage food. Cream paper specifically is the 2026 AI warm-neutral default the slop check also flags. The product, place, and process should set the palette, not the cream costume.","GT Sectra or Marr Sans for a non-Playfair voice;a committed owned ground sourced from the material itself (rye flour grey-brown, a milling-stone granite, brown-paper kraft, the actual grain gold) rather than generic cream;a working/process layout — the mill, the harvest, the batch ledger as the hero, not a centered serif over paper;reserve any crest to one real mark, not a decorative seal everywhere"
Bakery,Cormorant;Sacramento;Brush Script;Playfair Display,script-or-serif over a flour-dusted hero;cream + warm-brown;chalkboard menu;rounded-friendly badge,cream #f7f0e3;warm-brown #6b4423;wheat #d9a441,"A script or high-contrast serif over a flour-dusted cream hero with a chalkboard menu is the bakery reflex. The crumb, crust color, and the room sell more than a script font — source the palette from the actual bake (sourdough ear, rye crumb, caramel crust).","Reckless or Söhne for a quieter, less wedding-y voice;a ground pulled from the bake itself (toasted-crust brown, sourdough-crumb cream-grey, a rye purple-brown) committed as a real color, not default bakery cream;a real product grid of the actual loaves/pastries shot honestly over a script-and-stock-flour hero"
